transaction_id,seller_user_id,buyer_user_id,create_timestamp,created_timestamp,paid_timestamp,shipped_timestamp,quantity,listing_image_id,receipt_id,is_digital,file_data,listing_id,sku,product_id,transaction_type,price,shipping_cost,variations,product_data,shipping_profile_id,min_processing_days,max_processing_days,shipping_method,shipping_upgrade,expected_ship_date,buyer_coupon,shop_coupon
4174571857,879431180,952594727,1721243536,1721243536,1721243541,,1,6110630654,3357624981,FALSE,,1645291743,3.37373E+19,19645682416,listing,"{'amount': 3241, 'divisor': 100, 'currency_code': 'USD'}","{'amount': 0, 'divisor': 100, 'currency_code': 'USD'}","[{'property_id': 513, 'value_id': 53663098272, 'formatted_name': 'Colors', 'formatted_value': 'Light Pink'}, {'property_id': 514, 'value_id': 54657375590, 'formatted_name': 'Sizes', 'formatted_value': 'L'}]","[{'property_id': 513, 'property_name': 'Custom Property', 'scale_id': None, 'scale_name': None, 'value_ids': [53663098272], 'values': ['Light Pink']}, {'property_id': 514, 'property_name': 'Custom Property', 'scale_id': None, 'scale_name': None, 'value_ids': [54657375590], 'values': ['L']}]",2.20706E+11,2,5,,,1721675541,23.15,16.21
4173940571,879431180,12250705,1721194232,1721194232,1721194243,,1,6114040992,3357158761,FALSE,,1745180554,1.38251E+19,21409837199,listing,"{'amount': 3242, 'divisor': 100, 'currency_code': 'USD'}","{'amount': 0, 'divisor': 100, 'currency_code': 'USD'}","[{'property_id': 513, 'value_id': 50135267836, 'formatted_name': 'Colors', 'formatted_value': 'Black'}, {'property_id': 514, 'value_id': 54657375794, 'formatted_name': 'Sizes', 'formatted_value': 'S'}]","[{'property_id': 513, 'property_name': 'Custom Property', 'scale_id': None, 'scale_name': None, 'value_ids': [50135267836], 'values': ['Black']}, {'property_id': 514, 'property_name': 'Custom Property', 'scale_id': None, 'scale_name': None, 'value_ids': [54657375794], 'values': ['S']}]",2.20706E+11,2,5,,,1721626243,16.21,16.21
4173716507,879431180,64922078,1721177736,1721177736,1721177741,1721253705,1,6162156137,3363859062,FALSE,,1759372789,3.01826E+19,21760918010,listing,"{'amount': 3802, 'divisor': 100, 'currency_code': 'USD'}","{'amount': 0, 'divisor': 100, 'currency_code': 'USD'}","[{'property_id': 513, 'value_id': 50135267836, 'formatted_name': 'Colors', 'formatted_value': 'Black'}, {'property_id': 514, 'value_id': 91416890176, 'formatted_name': 'Sizes', 'formatted_value': '2XL'}]","[{'property_id': 513, 'property_name': 'Custom Property', 'scale_id': None, 'scale_name': None, 'value_ids': [50135267836], 'values': ['Black']}, {'property_id': 514, 'property_name': 'Custom Property', 'scale_id': None, 'scale_name': None, 'value_ids': [91416890176], 'values': ['2XL']}]",2.20706E+11,2,5,,,1721253704,19.01,19.01
4172596044,879431180,593934561,1721248974,1721248974,1721248984,,1,6114042108,3357708705,FALSE,,1745180554,1.71992E+19,21409837209,listing,"{'amount': 3242, 'divisor': 100, 'currency_code': 'USD'}","{'amount': 0, 'divisor': 100, 'currency_code': 'USD'}","[{'property_id': 513, 'value_id': 66608274023, 'formatted_name': 'Colors', 'formatted_value': 'Forest Green'}, {'property_id': 514, 'value_id': 71931465715, 'formatted_name': 'Sizes', 'formatted_value': 'XL'}]","[{'property_id': 513, 'property_name': 'Custom Property', 'scale_id': None, 'scale_name': None, 'value_ids': [66608274023], 'values': ['Forest Green']}, {'property_id': 514, 'property_name': 'Custom Property', 'scale_id': None, 'scale_name': None, 'value_ids': [71931465715], 'values': ['XL']}]",2.20706E+11,2,5,,,1721680984,16.21,16.21
4171479236,879431180,302010071,1721167475,1721167475,1721167481,,1,6121228806,3363731750,FALSE,,1645291743,7.70444E+19,19645682470,listing,"{'amount': 3241, 'divisor': 100, 'currency_code': 'USD'}","{'amount': 0, 'divisor': 100, 'currency_code': 'USD'}","[{'property_id': 513, 'value_id': 50135267836, 'formatted_name': 'Colors', 'formatted_value': 'Black'}, {'property_id': 514, 'value_id': 56802856687, 'formatted_name': 'Sizes', 'formatted_value': 'M'}]","[{'property_id': 513, 'property_name': 'Custom Property', 'scale_id': None, 'scale_name': None, 'value_ids': [50135267836], 'values': ['Black']}, {'property_id': 514, 'property_name': 'Custom Property', 'scale_id': None, 'scale_name': None, 'value_ids': [56802856687], 'values': ['M']}]",2.20706E+11,2,5,,,1721685881,16.21,16.21
4171129572,879431180,98788220,1721150673,1721150673,1721150679,1721227761,1,6110733300,3356608367,FALSE,,1673234501,5.03232E+19,19770024661,listing,"{'amount': 3242, 'divisor': 100, 'currency_code': 'USD'}","{'amount': 0, 'divisor': 100, 'currency_code': 'USD'}","[{'property_id': 513, 'value_id': 52320382890, 'formatted_name': 'Colors', 'formatted_value': 'White'}, {'property_id': 514, 'value_id': 56802856687, 'formatted_name': 'Sizes', 'formatted_value': 'M'}]","[{'property_id': 513, 'property_name': 'Custom Property', 'scale_id': None, 'scale_name': None, 'value_ids': [52320382890], 'values': ['White']}, {'property_id': 514, 'property_name': 'Custom Property', 'scale_id': None, 'scale_name': None, 'value_ids': [56802856687], 'values': ['M']}]",2.20706E+11,2,5,,,1721227761,16.21,16.21
4169845552,879431180,951767791,1721062406,1721062406,1721062418,1721232622,1,6119778092,3355652943,FALSE,,1639180476,3.03827E+19,19408711601,listing,"{'amount': 3810, 'divisor': 100, 'currency_code': 'USD'}","{'amount': 0, 'divisor': 100, 'currency_code': 'USD'}","[{'property_id': 513, 'value_id': 50135267836, 'formatted_name': 'Colors', 'formatted_value': 'Black'}, {'property_id': 514, 'value_id': 91416890176, 'formatted_name': 'Sizes', 'formatted_value': '2XL'}]","[{'property_id': 513, 'property_name': 'Custom Property', 'scale_id': None, 'scale_name': None, 'value_ids': [50135267836], 'values': ['Black']}, {'property_id': 514, 'property_name': 'Custom Property', 'scale_id': None, 'scale_name': None, 'value_ids': [91416890176], 'values': ['2XL']}]",2.20706E+11,2,5,,,1721232621,19.05,19.05
4169280954,879431180,428451987,1721012196,1721012196,1721012204,1721214617,1,6121228806,3355226825,FALSE,,1645291743,7.70444E+19,19645682470,listing,"{'amount': 3241, 'divisor': 100, 'currency_code': 'USD'}","{'amount': 0, 'divisor': 100, 'currency_code': 'USD'}","[{'property_id': 513, 'value_id': 50135267836, 'formatted_name': 'Colors', 'formatted_value': 'Black'}, {'property_id': 514, 'value_id': 56802856687, 'formatted_name': 'Sizes', 'formatted_value': 'M'}]","[{'property_id': 513, 'property_name': 'Custom Property', 'scale_id': None, 'scale_name': None, 'value_ids': [50135267836], 'values': ['Black']}, {'property_id': 514, 'property_name': 'Custom Property', 'scale_id': None, 'scale_name': None, 'value_ids': [56802856687], 'values': ['M']}]",2.20706E+11,2,5,,,1721214616,16.21,16.21
4168603082,879431180,568731354,1720975663,1720975663,1720975669,1721092649,1,6158825231,3354675963,FALSE,,1626681048,2.70157E+19,19229095975,listing,"{'amount': 3242, 'divisor': 100, 'currency_code': 'USD'}","{'amount': 0, 'divisor': 100, 'currency_code': 'USD'}","[{'property_id': 513, 'value_id': 52320382890, 'formatted_name': 'Colors', 'formatted_value': 'White'}, {'property_id': 514, 'value_id': 71931465715, 'formatted_name': 'Sizes', 'formatted_value': 'XL'}]","[{'property_id': 513, 'property_name': 'Custom Property', 'scale_id': None, 'scale_name': None, 'value_ids': [52320382890], 'values': ['White']}, {'property_id': 514, 'property_name': 'Custom Property', 'scale_id': None, 'scale_name': None, 'value_ids': [71931465715], 'values': ['XL']}]",2.20706E+11,2,5,,,1721092648,23.03,16.21
4168518777,879431180,756300792,1720817128,1720817128,1720817133,1720878703,1,6119778092,3353091429,FALSE,,1639180476,2.71716E+19,19773292292,listing,"{'amount': 3260, 'divisor': 100, 'currency_code': 'USD'}","{'amount': 0, 'divisor': 100, 'currency_code': 'USD'}","[{'property_id': 513, 'value_id': 50135267836, 'formatted_name': 'Colors', 'formatted_value': 'Black'}, {'property_id': 514, 'value_id': 71931465715, 'formatted_name': 'Sizes', 'formatted_value': 'XL'}]","[{'property_id': 513, 'property_name': 'Custom Property', 'scale_id': None, 'scale_name': None, 'value_ids': [50135267836], 'values': ['Black']}, {'property_id': 514, 'property_name': 'Custom Property', 'scale_id': None, 'scale_name': None, 'value_ids': [71931465715], 'values': ['XL']}]",2.20706E+11,2,5,,,1720878703,15.65,15.65
4168181050,879431180,483248601,1720934623,1720934623,1720934631,1721009465,1,6168735803,3361209150,FALSE,,1633318716,6.50665E+19,19676606008,listing,"{'amount': 3245, 'divisor': 100, 'currency_code': 'USD'}","{'amount': 0, 'divisor': 100, 'currency_code': 'USD'}","[{'property_id': 513, 'value_id': 90045008241, 'formatted_name': 'Colors', 'formatted_value': 'Sand'}, {'property_id': 514, 'value_id': 71931465715, 'formatted_name': 'Sizes', 'formatted_value': 'XL'}]","[{'property_id': 513, 'property_name': 'Custom Property', 'scale_id': None, 'scale_name': None, 'value_ids': [90045008241], 'values': ['Sand']}, {'property_id': 514, 'property_name': 'Custom Property', 'scale_id': None, 'scale_name': None, 'value_ids': [71931465715], 'values': ['XL']}]",2.20706E+11,2,5,,,1721009465,16.23,16.23
4167745609,879431180,78313815,1720761311,1720761311,1720761321,1720829785,1,6160282575,3352520871,FALSE,,1639180666,4.71209E+19,19408713385,listing,"{'amount': 3242, 'divisor': 100, 'currency_code': 'USD'}","{'amount': 0, 'divisor': 100, 'currency_code': 'USD'}","[{'property_id': 513, 'value_id': 52320382890, 'formatted_name': 'Colors', 'formatted_value': 'White'}, {'property_id': 514, 'value_id': 71931465715, 'formatted_name': 'Sizes', 'formatted_value': 'XL'}]","[{'property_id': 513, 'property_name': 'Custom Property', 'scale_id': None, 'scale_name': None, 'value_ids': [52320382890], 'values': ['White']}, {'property_id': 514, 'property_name': 'Custom Property', 'scale_id': None, 'scale_name': None, 'value_ids': [71931465715], 'values': ['XL']}]",2.20706E+11,2,5,,,1720829784,15.56,15.56
4167651930,879431180,22740303,1720897134,1720897134,1720897145,1720983231,1,6167990649,3353888659,FALSE,,1639180666,1.63062E+19,21433513639,listing,"{'amount': 4471, 'divisor': 100, 'currency_code': 'USD'}","{'amount': 0, 'divisor': 100, 'currency_code': 'USD'}","[{'property_id': 513, 'value_id': 87330701634, 'formatted_name': 'Colors', 'formatted_value': 'Pepper'}, {'property_id': 514, 'value_id': 54657375590, 'formatted_name': 'Sizes', 'formatted_value': 'L'}]","[{'property_id': 513, 'property_name': 'Custom Property', 'scale_id': None, 'scale_name': None, 'value_ids': [87330701634], 'values': ['Pepper']}, {'property_id': 514, 'property_name': 'Custom Property', 'scale_id': None, 'scale_name': None, 'value_ids': [54657375590], 'values': ['L']}]",2.20706E+11,2,5,,,1720983230,22.36,22.36
4166890557,879431180,950213607,1720711344,1720711344,1720711352,1721035161,1,6110669662,3351859121,FALSE,,1679319195,6.3023E+19,20240310476,listing,"{'amount': 3241, 'divisor': 100, 'currency_code': 'USD'}","{'amount': 0, 'divisor': 100, 'currency_code': 'USD'}","[{'property_id': 513, 'value_id': 54638846286, 'formatted_name': 'Colors', 'formatted_value': 'Charcoal'}, {'property_id': 514, 'value_id': 54657375590, 'formatted_name': 'Sizes', 'formatted_value': 'L'}]","[{'property_id': 513, 'property_name': 'Custom Property', 'scale_id': None, 'scale_name': None, 'value_ids': [54638846286], 'values': ['Charcoal']}, {'property_id': 514, 'property_name': 'Custom Property', 'scale_id': None, 'scale_name': None, 'value_ids': [54657375590], 'values': ['L']}]",2.20706E+11,2,5,,,1721035161,15,15.56
4165913439,879431180,50760022,1720638414,1720638414,1720638421,1720754505,1,5682630312,3351123209,FALSE,,1641015310,1.12634E+19,19804311048,listing,"{'amount': 5515, 'divisor': 100, 'currency_code': 'USD'}","{'amount': 0, 'divisor': 100, 'currency_code': 'USD'}","[{'property_id': 513, 'value_id': 54738322897, 'formatted_name': 'Sizes', 'formatted_value': '2XL'}, {'property_id': 514, 'value_id': 53053591808, 'formatted_name': 'Colors', 'formatted_value': 'White'}]","[{'property_id': 513, 'property_name': 'Custom Property', 'scale_id': None, 'scale_name': None, 'value_ids': [54738322897], 'values': ['2XL']}, {'property_id': 514, 'property_name': 'Custom Property', 'scale_id': None, 'scale_name': None, 'value_ids': [53053591808], 'values': ['White']}]",2.21188E+11,2,5,,,1720754505,71.08,50
4165731965,879431180,240074723,1720629386,1720629386,1720629407,1720704578,1,6110630650,3350989063,FALSE,,1645291743,1.83368E+19,19287578715,listing,"{'amount': 3241, 'divisor': 100, 'currency_code': 'USD'}","{'amount': 0, 'divisor': 100, 'currency_code': 'USD'}","[{'property_id': 513, 'value_id': 54638846286, 'formatted_name': 'Colors', 'formatted_value': 'Charcoal'}, {'property_id': 514, 'value_id': 54657375590, 'formatted_name': 'Sizes', 'formatted_value': 'L'}]","[{'property_id': 513, 'property_name': 'Custom Property', 'scale_id': None, 'scale_name': None, 'value_ids': [54638846286], 'values': ['Charcoal']}, {'property_id': 514, 'property_name': 'Custom Property', 'scale_id': None, 'scale_name': None, 'value_ids': [54657375590], 'values': ['L']}]",2.20706E+11,2,5,,,1720704578,15.56,15.56
4165642640,879431180,111270669,1720743444,1720743444,1720743450,1720817798,1,6110669666,3359266132,FALSE,,1679319195,8.73411E+19,19875928621,listing,"{'amount': 3262, 'divisor': 100, 'currency_code': 'USD'}","{'amount': 0, 'divisor': 100, 'currency_code': 'USD'}","[{'property_id': 513, 'value_id': 96446101302, 'formatted_name': 'Colors', 'formatted_value': 'Dark Chocolate'}, {'property_id': 514, 'value_id': 71931465715, 'formatted_name': 'Sizes', 'formatted_value': 'XL'}]","[{'property_id': 513, 'property_name': 'Custom Property', 'scale_id': None, 'scale_name': None, 'value_ids': [96446101302], 'values': ['Dark Chocolate']}, {'property_id': 514, 'property_name': 'Custom Property', 'scale_id': None, 'scale_name': None, 'value_ids': [71931465715], 'values': ['XL']}]",2.20706E+11,2,5,,,1720817798,15.66,15.66
4164668805,879431180,557544225,1720552229,1720552229,1720552235,1720716603,1,6110630650,3357157792,FALSE,,1645291743,1.83368E+19,19287578715,listing,"{'amount': 3241, 'divisor': 100, 'currency_code': 'USD'}","{'amount': 0, 'divisor': 100, 'currency_code': 'USD'}","[{'property_id': 513, 'value_id': 54638846286, 'formatted_name': 'Colors', 'formatted_value': 'Charcoal'}, {'property_id': 514, 'value_id': 54657375590, 'formatted_name': 'Sizes', 'formatted_value': 'L'}]","[{'property_id': 513, 'property_name': 'Custom Property', 'scale_id': None, 'scale_name': None, 'value_ids': [54638846286], 'values': ['Charcoal']}, {'property_id': 514, 'property_name': 'Custom Property', 'scale_id': None, 'scale_name': None, 'value_ids': [54657375590], 'values': ['L']}]",2.20706E+11,1,4,,,1720716602,27.65,19.45
4164268184,879431180,819372806,1720644073,1720644073,1720644080,1720786842,1,6160253653,3351216353,FALSE,,1653347515,2.43758E+19,19773293522,listing,"{'amount': 3242, 'divisor': 100, 'currency_code': 'USD'}","{'amount': 0, 'divisor': 100, 'currency_code': 'USD'}","[{'property_id': 513, 'value_id': 50135267836, 'formatted_name': 'Colors', 'formatted_value': 'Black'}, {'property_id': 514, 'value_id': 56802856687, 'formatted_name': 'Sizes', 'formatted_value': 'M'}]","[{'property_id': 513, 'property_name': 'Custom Property', 'scale_id': None, 'scale_name': None, 'value_ids': [50135267836], 'values': ['Black']}, {'property_id': 514, 'property_name': 'Custom Property', 'scale_id': None, 'scale_name': None, 'value_ids': [56802856687], 'values': ['M']}]",2.20706E+11,2,5,,,1720786842,12.69,15.56
4164065791,879431180,335121474,1720510249,1720510249,1720510283,1720566736,1,6158811643,3356698280,FALSE,,1717334257,1.57754E+19,20934380032,listing,"{'amount': 3229, 'divisor': 100, 'currency_code': 'USD'}","{'amount': 0, 'divisor': 100, 'currency_code': 'USD'}","[{'property_id': 513, 'value_id': 66608274023, 'formatted_name': 'Colors', 'formatted_value': 'Forest Green'}, {'property_id': 514, 'value_id': 54657375590, 'formatted_name': 'Sizes', 'formatted_value': 'L'}]","[{'property_id': 513, 'property_name': 'Custom Property', 'scale_id': None, 'scale_name': None, 'value_ids': [66608274023], 'values': ['Forest Green']}, {'property_id': 514, 'property_name': 'Custom Property', 'scale_id': None, 'scale_name': None, 'value_ids': [54657375590], 'values': ['L']}]",2.20706E+11,1,5,,,1720566735,15.5,15.5
4164027466,879431180,117745482,1720633105,1720633105,1720633115,1720740686,1,6158807869,3358015196,FALSE,,1717337887,6.3023E+19,20934463048,listing,"{'amount': 3242, 'divisor': 100, 'currency_code': 'USD'}","{'amount': 0, 'divisor': 100, 'currency_code': 'USD'}","[{'property_id': 513, 'value_id': 54638846286, 'formatted_name': 'Colors', 'formatted_value': 'Charcoal'}, {'property_id': 514, 'value_id': 54657375590, 'formatted_name': 'Sizes', 'formatted_value': 'L'}]","[{'property_id': 513, 'property_name': 'Custom Property', 'scale_id': None, 'scale_name': None, 'value_ids': [54638846286], 'values': ['Charcoal']}, {'property_id': 514, 'property_name': 'Custom Property', 'scale_id': None, 'scale_name': None, 'value_ids': [54657375590], 'values': ['L']}]",2.20706E+11,2,5,,,1720740686,17.83,17.83
4163946467,879431180,544467625,1720496825,1720496825,1720496831,1720546239,1,6159598925,3349646499,FALSE,,1679319195,2.32878E+19,19875928663,listing,"{'amount': 3262, 'divisor': 100, 'currency_code': 'USD'}","{'amount': 0, 'divisor': 100, 'currency_code': 'USD'}","[{'property_id': 513, 'value_id': 50135267836, 'formatted_name': 'Colors', 'formatted_value': 'Black'}, {'property_id': 514, 'value_id': 71931465715, 'formatted_name': 'Sizes', 'formatted_value': 'XL'}]","[{'property_id': 513, 'property_name': 'Custom Property', 'scale_id': None, 'scale_name': None, 'value_ids': [50135267836], 'values': ['Black']}, {'property_id': 514, 'property_name': 'Custom Property', 'scale_id': None, 'scale_name': None, 'value_ids': [71931465715], 'values': ['XL']}]",2.20706E+11,1,5,,,1720546238,15.66,15.66
4163563371,879431180,527349802,1720473574,1720473574,1720473582,1720560780,1,5703011113,3356337386,FALSE,,1639180476,3.28292E+19,19408711497,listing,"{'amount': 3242, 'divisor': 100, 'currency_code': 'USD'}","{'amount': 0, 'divisor': 100, 'currency_code': 'USD'}","[{'property_id': 513, 'value_id': 96446101302, 'formatted_name': 'Colors', 'formatted_value': 'Dark Chocolate'}, {'property_id': 514, 'value_id': 54657375590, 'formatted_name': 'Sizes', 'formatted_value': 'L'}]","[{'property_id': 513, 'property_name': 'Custom Property', 'scale_id': None, 'scale_name': None, 'value_ids': [96446101302], 'values': ['Dark Chocolate']}, {'property_id': 514, 'property_name': 'Custom Property', 'scale_id': None, 'scale_name': None, 'value_ids': [54657375590], 'values': ['L']}]",2.20706E+11,1,5,,,1720560780,15.56,15.56
4162691392,879431180,296204410,1720540304,1720540304,1720540310,1720636198,1,6160362883,3350004259,FALSE,,1639180476,1.61169E+19,19773292182,listing,"{'amount': 3242, 'divisor': 100, 'currency_code': 'USD'}","{'amount': 0, 'divisor': 100, 'currency_code': 'USD'}","[{'property_id': 513, 'value_id': 53663098272, 'formatted_name': 'Colors', 'formatted_value': 'Light Pink'}, {'property_id': 514, 'value_id': 54657375794, 'formatted_name': 'Sizes', 'formatted_value': 'S'}]","[{'property_id': 513, 'property_name': 'Custom Property', 'scale_id': None, 'scale_name': None, 'value_ids': [53663098272], 'values': ['Light Pink']}, {'property_id': 514, 'property_name': 'Custom Property', 'scale_id': None, 'scale_name': None, 'value_ids': [54657375794], 'values': ['S']}]",2.20706E+11,1,4,,,1720636198,15.56,15.56
4161418466,879431180,949032295,1720451940,1720451940,1720451946,1720661008,1,5765439384,3355973552,FALSE,,1665152852,2.88645E+19,20240309634,listing,"{'amount': 3243, 'divisor': 100, 'currency_code': 'USD'}","{'amount': 0, 'divisor': 100, 'currency_code': 'USD'}","[{'property_id': 513, 'value_id': 96446101302, 'formatted_name': 'Colors', 'formatted_value': 'Dark Chocolate'}, {'property_id': 514, 'value_id': 56802856687, 'formatted_name': 'Sizes', 'formatted_value': 'M'}]","[{'property_id': 513, 'property_name': 'Custom Property', 'scale_id': None, 'scale_name': None, 'value_ids': [96446101302], 'values': ['Dark Chocolate']}, {'property_id': 514, 'property_name': 'Custom Property', 'scale_id': None, 'scale_name': None, 'value_ids': [56802856687], 'values': ['M']}]",2.20706E+11,1,5,,,1720661008,26.39,15.57
4160953635,879431180,100985416,1720299412,1720299412,1720299418,1720417953,1,5730704461,3354541662,FALSE,,1639180476,5.63399E+19,19408711593,listing,"{'amount': 3242, 'divisor': 100, 'currency_code': 'USD'}","{'amount': 0, 'divisor': 100, 'currency_code': 'USD'}","[{'property_id': 513, 'value_id': 50135267836, 'formatted_name': 'Colors', 'formatted_value': 'Black'}, {'property_id': 514, 'value_id': 54657375590, 'formatted_name': 'Sizes', 'formatted_value': 'L'}]","[{'property_id': 513, 'property_name': 'Custom Property', 'scale_id': None, 'scale_name': None, 'value_ids': [50135267836], 'values': ['Black']}, {'property_id': 514, 'property_name': 'Custom Property', 'scale_id': None, 'scale_name': None, 'value_ids': [54657375590], 'values': ['L']}]",2.20706E+11,1,5,,,1720417953,17.83,17.83
4160901781,879431180,291806032,1720296860,1720296860,1720296866,1720422155,1,5730704461,3347315061,FALSE,,1639180476,2.43758E+19,19773292286,listing,"{'amount': 3242, 'divisor': 100, 'currency_code': 'USD'}","{'amount': 0, 'divisor': 100, 'currency_code': 'USD'}","[{'property_id': 513, 'value_id': 50135267836, 'formatted_name': 'Colors', 'formatted_value': 'Black'}, {'property_id': 514, 'value_id': 56802856687, 'formatted_name': 'Sizes', 'formatted_value': 'M'}]","[{'property_id': 513, 'property_name': 'Custom Property', 'scale_id': None, 'scale_name': None, 'value_ids': [50135267836], 'values': ['Black']}, {'property_id': 514, 'property_name': 'Custom Property', 'scale_id': None, 'scale_name': None, 'value_ids': [56802856687], 'values': ['M']}]",2.20706E+11,1,5,,,1720422155,15.56,15.56
4160520174,879431180,246152814,1720381999,1720381999,1720382005,1720638136,1,5730731031,3348273549,FALSE,,1645291743,2.10431E+19,19645682472,listing,"{'amount': 3241, 'divisor': 100, 'currency_code': 'USD'}","{'amount': 0, 'divisor': 100, 'currency_code': 'USD'}","[{'property_id': 513, 'value_id': 50135267836, 'formatted_name': 'Colors', 'formatted_value': 'Black'}, {'property_id': 514, 'value_id': 54657375590, 'formatted_name': 'Sizes', 'formatted_value': 'L'}]","[{'property_id': 513, 'property_name': 'Custom Property', 'scale_id': None, 'scale_name': None, 'value_ids': [50135267836], 'values': ['Black']}, {'property_id': 514, 'property_name': 'Custom Property', 'scale_id': None, 'scale_name': None, 'value_ids': [54657375590], 'values': ['L']}]",2.20706E+11,1,5,,,1720638136,15.56,15.56
4158668984,879431180,50143912,1720234734,1720234734,1720234740,1720364340,1,5730693015,3353928722,FALSE,,1633315086,6.50665E+19,19315843913,listing,"{'amount': 3243, 'divisor': 100, 'currency_code': 'USD'}","{'amount': 0, 'divisor': 100, 'currency_code': 'USD'}","[{'property_id': 513, 'value_id': 90045008241, 'formatted_name': 'Colors', 'formatted_value': 'Sand'}, {'property_id': 514, 'value_id': 71931465715, 'formatted_name': 'Sizes', 'formatted_value': 'XL'}]","[{'property_id': 513, 'property_name': 'Custom Property', 'scale_id': None, 'scale_name': None, 'value_ids': [90045008241], 'values': ['Sand']}, {'property_id': 514, 'property_name': 'Custom Property', 'scale_id': None, 'scale_name': None, 'value_ids': [71931465715], 'values': ['XL']}]",2.20706E+11,1,5,,,1720364339,15.57,15.57
4157345132,879431180,35899246,1720131376,1720131376,1720131390,1720228423,1,5730704461,3345656225,FALSE,,1639180476,2.71716E+19,19773292292,listing,"{'amount': 3260, 'divisor': 100, 'currency_code': 'USD'}","{'amount': 0, 'divisor': 100, 'currency_code': 'USD'}","[{'property_id': 513, 'value_id': 50135267836, 'formatted_name': 'Colors', 'formatted_value': 'Black'}, {'property_id': 514, 'value_id': 71931465715, 'formatted_name': 'Sizes', 'formatted_value': 'XL'}]","[{'property_id': 513, 'property_name': 'Custom Property', 'scale_id': None, 'scale_name': None, 'value_ids': [50135267836], 'values': ['Black']}, {'property_id': 514, 'property_name': 'Custom Property', 'scale_id': None, 'scale_name': None, 'value_ids': [71931465715], 'values': ['XL']}]",2.20706E+11,1,5,,,1720228422,15.65,15.65
4157220808,879431180,794588431,1720124190,1720124190,1720124296,1720219611,1,5674390415,3352835226,FALSE,,1645291743,1.98662E+19,19286723743,listing,"{'amount': 3838, 'divisor': 100, 'currency_code': 'USD'}","{'amount': 0, 'divisor': 100, 'currency_code': 'USD'}","[{'property_id': 513, 'value_id': 90045008241, 'formatted_name': 'Colors', 'formatted_value': 'Sand'}, {'property_id': 514, 'value_id': 91416890176, 'formatted_name': 'Sizes', 'formatted_value': '2XL'}]","[{'property_id': 513, 'property_name': 'Custom Property', 'scale_id': None, 'scale_name': None, 'value_ids': [90045008241], 'values': ['Sand']}, {'property_id': 514, 'property_name': 'Custom Property', 'scale_id': None, 'scale_name': None, 'value_ids': [91416890176], 'values': ['2XL']}]",2.20706E+11,1,5,,,1720219611,18.42,18.42
4156457222,879431180,421130227,1720062637,1720062637,1720062647,1720197083,1,5654937442,3344957479,FALSE,,1653347305,7.70444E+19,19408708685,listing,"{'amount': 3241, 'divisor': 100, 'currency_code': 'USD'}","{'amount': 0, 'divisor': 100, 'currency_code': 'USD'}","[{'property_id': 513, 'value_id': 50135267836, 'formatted_name': 'Colors', 'formatted_value': 'Black'}, {'property_id': 514, 'value_id': 56802856687, 'formatted_name': 'Sizes', 'formatted_value': 'M'}]","[{'property_id': 513, 'property_name': 'Custom Property', 'scale_id': None, 'scale_name': None, 'value_ids': [50135267836], 'values': ['Black']}, {'property_id': 514, 'property_name': 'Custom Property', 'scale_id': None, 'scale_name': None, 'value_ids': [56802856687], 'values': ['M']}]",2.20706E+11,1,5,,,1720197082,15.56,15.56
4155773261,879431180,757891084,1719934036,1719934036,1719934059,1719995935,1,5674390523,3343476593,FALSE,,1645291743,4.99382E+19,19286723747,listing,"{'amount': 3241, 'divisor': 100, 'currency_code': 'USD'}","{'amount': 0, 'divisor': 100, 'currency_code': 'USD'}","[{'property_id': 513, 'value_id': 106730198679, 'formatted_name': 'Colors', 'formatted_value': 'Sport Grey'}, {'property_id': 514, 'value_id': 54657375590, 'formatted_name': 'Sizes', 'formatted_value': 'L'}]","[{'property_id': 513, 'property_name': 'Custom Property', 'scale_id': None, 'scale_name': None, 'value_ids': [106730198679], 'values': ['Sport Grey']}, {'property_id': 514, 'property_name': 'Custom Property', 'scale_id': None, 'scale_name': None, 'value_ids': [54657375590], 'values': ['L']}]",2.20706E+11,1,5,,,1719995934,17.83,17.83
4155645118,879431180,793475037,1720015982,1720015982,1720015992,1720069887,1,6136565221,3344336235,FALSE,,1736277522,3.15901E+19,21583301588,listing,"{'amount': 3241, 'divisor': 100, 'currency_code': 'USD'}","{'amount': 0, 'divisor': 100, 'currency_code': 'USD'}","[{'property_id': 513, 'value_id': 90045008241, 'formatted_name': 'Colors', 'formatted_value': 'Sand'}, {'property_id': 514, 'value_id': 56802856687, 'formatted_name': 'Sizes', 'formatted_value': 'M'}]","[{'property_id': 513, 'property_name': 'Custom Property', 'scale_id': None, 'scale_name': None, 'value_ids': [90045008241], 'values': ['Sand']}, {'property_id': 514, 'property_name': 'Custom Property', 'scale_id': None, 'scale_name': None, 'value_ids': [56802856687], 'values': ['M']}]",2.20706E+11,1,5,,,1720069887,15.56,15.56
4154976252,879431180,947070869,1719957337,1719957337,1719957343,1720030451,1,5813487871,3351084946,FALSE,,1679319195,2.32878E+19,19875928663,listing,"{'amount': 3262, 'divisor': 100, 'currency_code': 'USD'}","{'amount': 0, 'divisor': 100, 'currency_code': 'USD'}","[{'property_id': 513, 'value_id': 50135267836, 'formatted_name': 'Colors', 'formatted_value': 'Black'}, {'property_id': 514, 'value_id': 71931465715, 'formatted_name': 'Sizes', 'formatted_value': 'XL'}]","[{'property_id': 513, 'property_name': 'Custom Property', 'scale_id': None, 'scale_name': None, 'value_ids': [50135267836], 'values': ['Black']}, {'property_id': 514, 'property_name': 'Custom Property', 'scale_id': None, 'scale_name': None, 'value_ids': [71931465715], 'values': ['XL']}]",2.20706E+11,1,5,,,1720030451,15.66,15.66
4154726530,879431180,12438233,1719945555,1719945555,1719945576,1720012900,1,6085816722,3343647505,FALSE,,1717334257,1.57754E+19,20934380032,listing,"{'amount': 3241, 'divisor': 100, 'currency_code': 'USD'}","{'amount': 0, 'divisor': 100, 'currency_code': 'USD'}","[{'property_id': 513, 'value_id': 66608274023, 'formatted_name': 'Colors', 'formatted_value': 'Forest Green'}, {'property_id': 514, 'value_id': 54657375590, 'formatted_name': 'Sizes', 'formatted_value': 'L'}]","[{'property_id': 513, 'property_name': 'Custom Property', 'scale_id': None, 'scale_name': None, 'value_ids': [66608274023], 'values': ['Forest Green']}, {'property_id': 514, 'property_name': 'Custom Property', 'scale_id': None, 'scale_name': None, 'value_ids': [54657375590], 'values': ['L']}]",2.20706E+11,1,5,,,1720012900,15.56,15.56
4152177698,879431180,50760022,1719768852,1719768852,1719768861,1719936232,1,5682630312,3341639479,FALSE,,1641015310,6.93968E+19,19439857483,listing,"{'amount': 5320, 'divisor': 100, 'currency_code': 'USD'}","{'amount': 0, 'divisor': 100, 'currency_code': 'USD'}","[{'property_id': 513, 'value_id': 54738322623, 'formatted_name': 'Sizes', 'formatted_value': 'XL'}, {'property_id': 514, 'value_id': 53053591808, 'formatted_name': 'Colors', 'formatted_value': 'White'}]","[{'property_id': 513, 'property_name': 'Custom Property', 'scale_id': None, 'scale_name': None, 'value_ids': [54738322623], 'values': ['XL']}, {'property_id': 514, 'property_name': 'Custom Property', 'scale_id': None, 'scale_name': None, 'value_ids': [53053591808], 'values': ['White']}]",2.21188E+11,1,3,,,1719936232,36.54,25.54
4151392107,879431180,86374768,1719619292,1719619292,1719619297,1719863134,1,6133668401,3340189717,FALSE,,1645291743,3.065E+19,19287578717,listing,"{'amount': 3243, 'divisor': 100, 'currency_code': 'USD'}","{'amount': 0, 'divisor': 100, 'currency_code': 'USD'}","[{'property_id': 513, 'value_id': 54638846286, 'formatted_name': 'Colors', 'formatted_value': 'Charcoal'}, {'property_id': 514, 'value_id': 71931465715, 'formatted_name': 'Sizes', 'formatted_value': 'XL'}]","[{'property_id': 513, 'property_name': 'Custom Property', 'scale_id': None, 'scale_name': None, 'value_ids': [54638846286], 'values': ['Charcoal']}, {'property_id': 514, 'property_name': 'Custom Property', 'scale_id': None, 'scale_name': None, 'value_ids': [71931465715], 'values': ['XL']}]",2.20706E+11,1,5,,,1719863133,15.57,15.57
4151339517,879431180,34793312,1719615646,1719615646,1719615652,1719862797,1,6133668401,3340151095,FALSE,,1645291743,1.35606E+19,19287578727,listing,"{'amount': 4231, 'divisor': 100, 'currency_code': 'USD'}","{'amount': 0, 'divisor': 100, 'currency_code': 'USD'}","[{'property_id': 513, 'value_id': 54638846286, 'formatted_name': 'Colors', 'formatted_value': 'Charcoal'}, {'property_id': 514, 'value_id': 94172869301, 'formatted_name': 'Sizes', 'formatted_value': '3XL'}]","[{'property_id': 513, 'property_name': 'Custom Property', 'scale_id': None, 'scale_name': None, 'value_ids': [54638846286], 'values': ['Charcoal']}, {'property_id': 514, 'property_name': 'Custom Property', 'scale_id': None, 'scale_name': None, 'value_ids': [94172869301], 'values': ['3XL']}]",2.20706E+11,1,5,,,1719862797,20.31,20.31
4150275876,879431180,102819139,1719616505,1719616505,1719616519,1719880851,1,5730731031,3340160445,FALSE,,1645291743,7.70444E+19,19645682470,listing,"{'amount': 3241, 'divisor': 100, 'currency_code': 'USD'}","{'amount': 0, 'divisor': 100, 'currency_code': 'USD'}","[{'property_id': 513, 'value_id': 50135267836, 'formatted_name': 'Colors', 'formatted_value': 'Black'}, {'property_id': 514, 'value_id': 56802856687, 'formatted_name': 'Sizes', 'formatted_value': 'M'}]","[{'property_id': 513, 'property_name': 'Custom Property', 'scale_id': None, 'scale_name': None, 'value_ids': [50135267836], 'values': ['Black']}, {'property_id': 514, 'property_name': 'Custom Property', 'scale_id': None, 'scale_name': None, 'value_ids': [56802856687], 'values': ['M']}]",2.20706E+11,1,5,,,1719880850,15.56,15.56
4144918334,879431180,944290194,1719233069,1719233069,1719233075,1719451340,1,5813487871,3343127650,FALSE,,1679319195,2.32878E+19,19875928663,listing,"{'amount': 2028, 'divisor': 100, 'currency_code': 'USD'}","{'amount': 0, 'divisor': 100, 'currency_code': 'USD'}","[{'property_id': 513, 'value_id': 50135267836, 'formatted_name': 'Colors', 'formatted_value': 'Black'}, {'property_id': 514, 'value_id': 71931465715, 'formatted_name': 'Sizes', 'formatted_value': 'XL'}]","[{'property_id': 513, 'property_name': 'Custom Property', 'scale_id': None, 'scale_name': None, 'value_ids': [50135267836], 'values': ['Black']}, {'property_id': 514, 'property_name': 'Custom Property', 'scale_id': None, 'scale_name': None, 'value_ids': [71931465715], 'values': ['XL']}]",2.20706E+11,1,5,,,1719451339,3.96,4.06
4144679861,879431180,748386516,1719120319,1719120319,1719120334,1719265187,1,5730704461,3335263813,FALSE,,1639180476,1.61169E+19,19773292182,listing,"{'amount': 1974, 'divisor': 100, 'currency_code': 'USD'}","{'amount': 0, 'divisor': 100, 'currency_code': 'USD'}","[{'property_id': 513, 'value_id': 53663098272, 'formatted_name': 'Colors', 'formatted_value': 'Light Pink'}, {'property_id': 514, 'value_id': 54657375794, 'formatted_name': 'Sizes', 'formatted_value': 'S'}]","[{'property_id': 513, 'property_name': 'Custom Property', 'scale_id': None, 'scale_name': None, 'value_ids': [53663098272], 'values': ['Light Pink']}, {'property_id': 514, 'property_name': 'Custom Property', 'scale_id': None, 'scale_name': None, 'value_ids': [54657375794], 'values': ['S']}]",2.20706E+11,1,5,,,1719265187,5.64,3.95
4144597991,879431180,943873304,1719111802,1719111802,1719111808,1719187057,1,5783951324,3335203979,FALSE,,1639180666,3.28292E+19,19408713289,listing,"{'amount': 2015, 'divisor': 100, 'currency_code': 'USD'}","{'amount': 0, 'divisor': 100, 'currency_code': 'USD'}","[{'property_id': 513, 'value_id': 96446101302, 'formatted_name': 'Colors', 'formatted_value': 'Dark Chocolate'}, {'property_id': 514, 'value_id': 54657375590, 'formatted_name': 'Sizes', 'formatted_value': 'L'}]","[{'property_id': 513, 'property_name': 'Custom Property', 'scale_id': None, 'scale_name': None, 'value_ids': [96446101302], 'values': ['Dark Chocolate']}, {'property_id': 514, 'property_name': 'Custom Property', 'scale_id': None, 'scale_name': None, 'value_ids': [54657375590], 'values': ['L']}]",2.20706E+11,1,5,,,1719187057,4.03,4.03
4144539303,879431180,709494069,1719107346,1719107346,1719107363,1719234752,1,5730704461,3341935074,FALSE,,1639180476,2.7701E+19,19408711485,listing,"{'amount': 1974, 'divisor': 100, 'currency_code': 'USD'}","{'amount': 0, 'divisor': 100, 'currency_code': 'USD'}","[{'property_id': 513, 'value_id': 54638846286, 'formatted_name': 'Colors', 'formatted_value': 'Charcoal'}, {'property_id': 514, 'value_id': 54657375590, 'formatted_name': 'Sizes', 'formatted_value': 'L'}]","[{'property_id': 513, 'property_name': 'Custom Property', 'scale_id': None, 'scale_name': None, 'value_ids': [54638846286], 'values': ['Charcoal']}, {'property_id': 514, 'property_name': 'Custom Property', 'scale_id': None, 'scale_name': None, 'value_ids': [54657375590], 'values': ['L']}]",2.20706E+11,1,5,,,1719234752,3.95,3.95
4141946744,879431180,28358880,1718997749,1718997749,1718997765,1719409849,1,5730731031,3340770852,FALSE,,1645291743,3.065E+19,19287578717,listing,"{'amount': 1875, 'divisor': 100, 'currency_code': 'USD'}","{'amount': 0, 'divisor': 100, 'currency_code': 'USD'}","[{'property_id': 513, 'value_id': 54638846286, 'formatted_name': 'Colors', 'formatted_value': 'Charcoal'}, {'property_id': 514, 'value_id': 71931465715, 'formatted_name': 'Sizes', 'formatted_value': 'XL'}]","[{'property_id': 513, 'property_name': 'Custom Property', 'scale_id': None, 'scale_name': None, 'value_ids': [54638846286], 'values': ['Charcoal']}, {'property_id': 514, 'property_name': 'Custom Property', 'scale_id': None, 'scale_name': None, 'value_ids': [71931465715], 'values': ['XL']}]",2.20706E+11,1,5,,,1719409848,3.75,3.75
4138149706,879431180,814208325,1718725405,1718725405,1718725415,1718845145,1,5998310859,3337757386,FALSE,,1717334257,2.09453E+19,20934379956,listing,"{'amount': 2400, 'divisor': 100, 'currency_code': 'USD'}","{'amount': 0, 'divisor': 100, 'currency_code': 'USD'}","[{'property_id': 513, 'value_id': 90045008241, 'formatted_name': 'Colors', 'formatted_value': 'Sand'}, {'property_id': 514, 'value_id': 91416890176, 'formatted_name': 'Sizes', 'formatted_value': '2XL'}]","[{'property_id': 513, 'property_name': 'Custom Property', 'scale_id': None, 'scale_name': None, 'value_ids': [90045008241], 'values': ['Sand']}, {'property_id': 514, 'property_name': 'Custom Property', 'scale_id': None, 'scale_name': None, 'value_ids': [91416890176], 'values': ['2XL']}]",2.20706E+11,1,5,,,1718845145,0,0
4137532733,879431180,39093837,1718585115,1718585115,1718585120,1718685213,1,5950232048,3329979473,FALSE,,1717337887,2.79551E+19,20641807079,listing,"{'amount': 2015, 'divisor': 100, 'currency_code': 'USD'}","{'amount': 0, 'divisor': 100, 'currency_code': 'USD'}","[{'property_id': 513, 'value_id': 56805597893, 'formatted_name': 'Colors', 'formatted_value': 'Light Blue'}, {'property_id': 514, 'value_id': 54657375590, 'formatted_name': 'Sizes', 'formatted_value': 'L'}]","[{'property_id': 513, 'property_name': 'Custom Property', 'scale_id': None, 'scale_name': None, 'value_ids': [56805597893], 'values': ['Light Blue']}, {'property_id': 514, 'property_name': 'Custom Property', 'scale_id': None, 'scale_name': None, 'value_ids': [54657375590], 'values': ['L']}]",2.20706E+11,1,5,,,1718685213,0,0
4136814773,879431180,596910795,1718545654,1718545654,1718545665,1718792736,1,5730704461,3335787072,FALSE,,1639180476,2.43758E+19,19773292286,listing,"{'amount': 1814, 'divisor': 100, 'currency_code': 'USD'}","{'amount': 0, 'divisor': 100, 'currency_code': 'USD'}","[{'property_id': 513, 'value_id': 50135267836, 'formatted_name': 'Colors', 'formatted_value': 'Black'}, {'property_id': 514, 'value_id': 56802856687, 'formatted_name': 'Sizes', 'formatted_value': 'M'}]","[{'property_id': 513, 'property_name': 'Custom Property', 'scale_id': None, 'scale_name': None, 'value_ids': [50135267836], 'values': ['Black']}, {'property_id': 514, 'property_name': 'Custom Property', 'scale_id': None, 'scale_name': None, 'value_ids': [56802856687], 'values': ['M']}]",2.20706E+11,1,5,,,1718792736,0,0
4135779030,879431180,266667522,1718552043,1718552043,1718552058,1718643753,1,5730704461,3335875644,FALSE,,1639180476,2.7701E+19,19408711485,listing,"{'amount': 1814, 'divisor': 100, 'currency_code': 'USD'}","{'amount': 0, 'divisor': 100, 'currency_code': 'USD'}","[{'property_id': 513, 'value_id': 54638846286, 'formatted_name': 'Colors', 'formatted_value': 'Charcoal'}, {'property_id': 514, 'value_id': 54657375590, 'formatted_name': 'Sizes', 'formatted_value': 'L'}]","[{'property_id': 513, 'property_name': 'Custom Property', 'scale_id': None, 'scale_name': None, 'value_ids': [54638846286], 'values': ['Charcoal']}, {'property_id': 514, 'property_name': 'Custom Property', 'scale_id': None, 'scale_name': None, 'value_ids': [54657375590], 'values': ['L']}]",2.20706E+11,1,5,,,1718643753,0,0
4134659734,879431180,941475976,1718467326,1718467326,1718467331,1718574782,1,5682697634,3328705229,FALSE,,1639180804,1.70739E+19,19408714731,listing,"{'amount': 2016, 'divisor': 100, 'currency_code': 'USD'}","{'amount': 0, 'divisor': 100, 'currency_code': 'USD'}","[{'property_id': 513, 'value_id': 53663098272, 'formatted_name': 'Colors', 'formatted_value': 'Light Pink'}, {'property_id': 514, 'value_id': 71931465715, 'formatted_name': 'Sizes', 'formatted_value': 'XL'}]","[{'property_id': 513, 'property_name': 'Custom Property', 'scale_id': None, 'scale_name': None, 'value_ids': [53663098272], 'values': ['Light Pink']}, {'property_id': 514, 'property_name': 'Custom Property', 'scale_id': None, 'scale_name': None, 'value_ids': [71931465715], 'values': ['XL']}]",2.20706E+11,1,5,,,1718574782,0,0
4130225123,879431180,930065940,1718070903,1718070903,1718070919,1718202158,1,5730704461,3330624952,FALSE,,1639180476,5.63399E+19,19408711593,listing,"{'amount': 1814, 'divisor': 100, 'currency_code': 'USD'}","{'amount': 0, 'divisor': 100, 'currency_code': 'USD'}","[{'property_id': 513, 'value_id': 50135267836, 'formatted_name': 'Colors', 'formatted_value': 'Black'}, {'property_id': 514, 'value_id': 54657375590, 'formatted_name': 'Sizes', 'formatted_value': 'L'}]","[{'property_id': 513, 'property_name': 'Custom Property', 'scale_id': None, 'scale_name': None, 'value_ids': [50135267836], 'values': ['Black']}, {'property_id': 514, 'property_name': 'Custom Property', 'scale_id': None, 'scale_name': None, 'value_ids': [54657375590], 'values': ['L']}]",2.20706E+11,1,5,,,1718202158,3.63,3.63
4128536185,879431180,102698296,1717968766,1717968766,1717968773,1718169822,1,5730704461,3329317012,FALSE,,1639180476,1.76441E+19,19773292248,listing,"{'amount': 1814, 'divisor': 100, 'currency_code': 'USD'}","{'amount': 0, 'divisor': 100, 'currency_code': 'USD'}","[{'property_id': 513, 'value_id': 106730198679, 'formatted_name': 'Colors', 'formatted_value': 'Sport Grey'}, {'property_id': 514, 'value_id': 54657375590, 'formatted_name': 'Sizes', 'formatted_value': 'L'}]","[{'property_id': 513, 'property_name': 'Custom Property', 'scale_id': None, 'scale_name': None, 'value_ids': [106730198679], 'values': ['Sport Grey']}, {'property_id': 514, 'property_name': 'Custom Property', 'scale_id': None, 'scale_name': None, 'value_ids': [54657375590], 'values': ['L']}]",2.20706E+11,1,5,,,1718169822,4.54,4.54
4126818578,879431180,879234862,1717932314,1717932314,1717932320,1718110012,1,5730704461,3328732072,FALSE,,1639180476,3.03827E+19,19408711601,listing,"{'amount': 2160, 'divisor': 100, 'currency_code': 'USD'}","{'amount': 0, 'divisor': 100, 'currency_code': 'USD'}","[{'property_id': 513, 'value_id': 50135267836, 'formatted_name': 'Colors', 'formatted_value': 'Black'}, {'property_id': 514, 'value_id': 91416890176, 'formatted_name': 'Sizes', 'formatted_value': '2XL'}]","[{'property_id': 513, 'property_name': 'Custom Property', 'scale_id': None, 'scale_name': None, 'value_ids': [50135267836], 'values': ['Black']}, {'property_id': 514, 'property_name': 'Custom Property', 'scale_id': None, 'scale_name': None, 'value_ids': [91416890176], 'values': ['2XL']}]",2.20706E+11,1,5,,,1718110012,4.32,4.32
4126311095,879431180,207722696,1717819195,1717819195,1717819203,1717924409,1,5730704461,3327636284,FALSE,,1639180476,3.41126E+19,19773292192,listing,"{'amount': 2160, 'divisor': 100, 'currency_code': 'USD'}","{'amount': 0, 'divisor': 100, 'currency_code': 'USD'}","[{'property_id': 513, 'value_id': 53663098272, 'formatted_name': 'Colors', 'formatted_value': 'Light Pink'}, {'property_id': 514, 'value_id': 91416890176, 'formatted_name': 'Sizes', 'formatted_value': '2XL'}]","[{'property_id': 513, 'property_name': 'Custom Property', 'scale_id': None, 'scale_name': None, 'value_ids': [53663098272], 'values': ['Light Pink']}, {'property_id': 514, 'property_name': 'Custom Property', 'scale_id': None, 'scale_name': None, 'value_ids': [91416890176], 'values': ['2XL']}]",2.20706E+11,1,5,,,1717924408,4.32,4.32
4126143192,879431180,939143278,1717875201,1717875201,1717875207,1718072511,1,5682679504,3328206244,FALSE,,1633318716,2.61316E+19,19315879777,listing,"{'amount': 2386, 'divisor': 100, 'currency_code': 'USD'}","{'amount': 0, 'divisor': 100, 'currency_code': 'USD'}","[{'property_id': 513, 'value_id': 50135267836, 'formatted_name': 'Colors', 'formatted_value': 'Black'}, {'property_id': 514, 'value_id': 91416890176, 'formatted_name': 'Sizes', 'formatted_value': '2XL'}]","[{'property_id': 513, 'property_name': 'Custom Property', 'scale_id': None, 'scale_name': None, 'value_ids': [50135267836], 'values': ['Black']}, {'property_id': 514, 'property_name': 'Custom Property', 'scale_id': None, 'scale_name': None, 'value_ids': [91416890176], 'values': ['2XL']}]",2.20706E+11,1,5,,,1718072511,4.6,4.77
4125379023,879431180,875543662,1717767914,1717767914,1717767933,1717804338,1,5730704461,3326880578,FALSE,,1639180476,2.2355E+19,19408711533,listing,"{'amount': 2160, 'divisor': 100, 'currency_code': 'USD'}","{'amount': 0, 'divisor': 100, 'currency_code': 'USD'}","[{'property_id': 513, 'value_id': 55788700383, 'formatted_name': 'Colors', 'formatted_value': 'Navy'}, {'property_id': 514, 'value_id': 91416890176, 'formatted_name': 'Sizes', 'formatted_value': '2XL'}]","[{'property_id': 513, 'property_name': 'Custom Property', 'scale_id': None, 'scale_name': None, 'value_ids': [55788700383], 'values': ['Navy']}, {'property_id': 514, 'property_name': 'Custom Property', 'scale_id': None, 'scale_name': None, 'value_ids': [91416890176], 'values': ['2XL']}]",2.20706E+11,1,5,,,1717804338,4.32,4.32
4124081140,879431180,938595446,1717728236,1717728236,1717728243,1717806121,1,5989899875,3326543660,FALSE,,1717337585,1.82151E+19,20641800895,listing,"{'amount': 2015, 'divisor': 100, 'currency_code': 'USD'}","{'amount': 0, 'divisor': 100, 'currency_code': 'USD'}","[{'property_id': 513, 'value_id': 52320382890, 'formatted_name': 'Colors', 'formatted_value': 'White'}, {'property_id': 514, 'value_id': 54657375794, 'formatted_name': 'Sizes', 'formatted_value': 'S'}]","[{'property_id': 513, 'property_name': 'Custom Property', 'scale_id': None, 'scale_name': None, 'value_ids': [52320382890], 'values': ['White']}, {'property_id': 514, 'property_name': 'Custom Property', 'scale_id': None, 'scale_name': None, 'value_ids': [54657375794], 'values': ['S']}]",2.20706E+11,1,5,,,1717806121,4.03,4.03
4123288558,879431180,938284114,1717688327,1717688327,1717688334,1717776595,1,5813487871,3325884838,FALSE,,1679319195,4.37609E+19,19875928661,listing,"{'amount': 2015, 'divisor': 100, 'currency_code': 'USD'}","{'amount': 0, 'divisor': 100, 'currency_code': 'USD'}","[{'property_id': 513, 'value_id': 50135267836, 'formatted_name': 'Colors', 'formatted_value': 'Black'}, {'property_id': 514, 'value_id': 54657375590, 'formatted_name': 'Sizes', 'formatted_value': 'L'}]","[{'property_id': 513, 'property_name': 'Custom Property', 'scale_id': None, 'scale_name': None, 'value_ids': [50135267836], 'values': ['Black']}, {'property_id': 514, 'property_name': 'Custom Property', 'scale_id': None, 'scale_name': None, 'value_ids': [54657375590], 'values': ['L']}]",2.20706E+11,1,5,,,1717776595,3.87,4.03
4122020995,879431180,520624474,1717539264,1717539264,1717539272,1717632902,1,5813487871,3324116668,FALSE,,1679319195,2.32878E+19,19875928663,listing,"{'amount': 2028, 'divisor': 100, 'currency_code': 'USD'}","{'amount': 0, 'divisor': 100, 'currency_code': 'USD'}","[{'property_id': 513, 'value_id': 50135267836, 'formatted_name': 'Colors', 'formatted_value': 'Black'}, {'property_id': 514, 'value_id': 71931465715, 'formatted_name': 'Sizes', 'formatted_value': 'XL'}]","[{'property_id': 513, 'property_name': 'Custom Property', 'scale_id': None, 'scale_name': None, 'value_ids': [50135267836], 'values': ['Black']}, {'property_id': 514, 'property_name': 'Custom Property', 'scale_id': None, 'scale_name': None, 'value_ids': [71931465715], 'values': ['XL']}]",2.20706E+11,1,5,,,1717632902,4.06,4.06
4121393902,879431180,359697589,1717556518,1717556518,1717556523,1717624075,1,5765439384,3324354950,FALSE,,1665152852,1.15865E+19,20240309690,listing,"{'amount': 2400, 'divisor': 100, 'currency_code': 'USD'}","{'amount': 0, 'divisor': 100, 'currency_code': 'USD'}","[{'property_id': 513, 'value_id': 52320382890, 'formatted_name': 'Colors', 'formatted_value': 'White'}, {'property_id': 514, 'value_id': 91416890176, 'formatted_name': 'Sizes', 'formatted_value': '2XL'}]","[{'property_id': 513, 'property_name': 'Custom Property', 'scale_id': None, 'scale_name': None, 'value_ids': [52320382890], 'values': ['White']}, {'property_id': 514, 'property_name': 'Custom Property', 'scale_id': None, 'scale_name': None, 'value_ids': [91416890176], 'values': ['2XL']}]",2.20706E+11,1,5,,,1717624075,4.8,4.8
4120926867,879431180,224495500,1717468950,1717468950,1717468956,1717678114,1,5730704461,3317385887,FALSE,,1639180476,2.71716E+19,19773292292,listing,"{'amount': 1825, 'divisor': 100, 'currency_code': 'USD'}","{'amount': 0, 'divisor': 100, 'currency_code': 'USD'}","[{'property_id': 513, 'value_id': 50135267836, 'formatted_name': 'Colors', 'formatted_value': 'Black'}, {'property_id': 514, 'value_id': 71931465715, 'formatted_name': 'Sizes', 'formatted_value': 'XL'}]","[{'property_id': 513, 'property_name': 'Custom Property', 'scale_id': None, 'scale_name': None, 'value_ids': [50135267836], 'values': ['Black']}, {'property_id': 514, 'property_name': 'Custom Property', 'scale_id': None, 'scale_name': None, 'value_ids': [71931465715], 'values': ['XL']}]",2.20706E+11,1,5,,,1717678114,3.65,3.65
4119661838,879431180,443675333,1717450724,1717450724,1717450730,1717547253,1,5813487871,3317129561,FALSE,,1679319195,1.42066E+19,20240310480,listing,"{'amount': 2400, 'divisor': 100, 'currency_code': 'USD'}","{'amount': 0, 'divisor': 100, 'currency_code': 'USD'}","[{'property_id': 513, 'value_id': 54638846286, 'formatted_name': 'Colors', 'formatted_value': 'Charcoal'}, {'property_id': 514, 'value_id': 91416890176, 'formatted_name': 'Sizes', 'formatted_value': '2XL'}]","[{'property_id': 513, 'property_name': 'Custom Property', 'scale_id': None, 'scale_name': None, 'value_ids': [54638846286], 'values': ['Charcoal']}, {'property_id': 514, 'property_name': 'Custom Property', 'scale_id': None, 'scale_name': None, 'value_ids': [91416890176], 'values': ['2XL']}]",2.20706E+11,1,5,,,1717547253,4.8,4.8
4119470038,879431180,556073666,1717442795,1717442795,1717442801,1717543800,1,5730704461,3322801672,FALSE,,1639180476,2.94576E+19,19408711481,listing,"{'amount': 1814, 'divisor': 100, 'currency_code': 'USD'}","{'amount': 0, 'divisor': 100, 'currency_code': 'USD'}","[{'property_id': 513, 'value_id': 54638846286, 'formatted_name': 'Colors', 'formatted_value': 'Charcoal'}, {'property_id': 514, 'value_id': 56802856687, 'formatted_name': 'Sizes', 'formatted_value': 'M'}]","[{'property_id': 513, 'property_name': 'Custom Property', 'scale_id': None, 'scale_name': None, 'value_ids': [54638846286], 'values': ['Charcoal']}, {'property_id': 514, 'property_name': 'Custom Property', 'scale_id': None, 'scale_name': None, 'value_ids': [56802856687], 'values': ['M']}]",2.20706E+11,1,5,,,1717543799,6.47,4.54
4118897468,879431180,277490071,1717414541,1717414541,1717414551,1717508327,1,5730704461,3316521111,FALSE,,1639180476,2.43758E+19,19773292286,listing,"{'amount': 1814, 'divisor': 100, 'currency_code': 'USD'}","{'amount': 0, 'divisor': 100, 'currency_code': 'USD'}","[{'property_id': 513, 'value_id': 50135267836, 'formatted_name': 'Colors', 'formatted_value': 'Black'}, {'property_id': 514, 'value_id': 56802856687, 'formatted_name': 'Sizes', 'formatted_value': 'M'}]","[{'property_id': 513, 'property_name': 'Custom Property', 'scale_id': None, 'scale_name': None, 'value_ids': [50135267836], 'values': ['Black']}, {'property_id': 514, 'property_name': 'Custom Property', 'scale_id': None, 'scale_name': None, 'value_ids': [56802856687], 'values': ['M']}]",2.20706E+11,1,5,,,1717508327,3.63,3.63
4116891569,879431180,772419361,1717217903,1717217903,1717217909,1717292419,1,5730704461,3320149834,FALSE,,1639180476,5.63399E+19,19408711593,listing,"{'amount': 1814, 'divisor': 100, 'currency_code': 'USD'}","{'amount': 0, 'divisor': 100, 'currency_code': 'USD'}","[{'property_id': 513, 'value_id': 50135267836, 'formatted_name': 'Colors', 'formatted_value': 'Black'}, {'property_id': 514, 'value_id': 54657375590, 'formatted_name': 'Sizes', 'formatted_value': 'L'}]","[{'property_id': 513, 'property_name': 'Custom Property', 'scale_id': None, 'scale_name': None, 'value_ids': [50135267836], 'values': ['Black']}, {'property_id': 514, 'property_name': 'Custom Property', 'scale_id': None, 'scale_name': None, 'value_ids': [54657375590], 'values': ['L']}]",2.20706E+11,1,5,,,1717292418,3.63,3.63
4116298392,879431180,918152190,1717248505,1717248505,1717248514,1717292388,1,5730704461,3320359102,FALSE,,1639180476,5.63399E+19,19408711593,listing,"{'amount': 1814, 'divisor': 100, 'currency_code': 'USD'}","{'amount': 0, 'divisor': 100, 'currency_code': 'USD'}","[{'property_id': 513, 'value_id': 50135267836, 'formatted_name': 'Colors', 'formatted_value': 'Black'}, {'property_id': 514, 'value_id': 54657375590, 'formatted_name': 'Sizes', 'formatted_value': 'L'}]","[{'property_id': 513, 'property_name': 'Custom Property', 'scale_id': None, 'scale_name': None, 'value_ids': [50135267836], 'values': ['Black']}, {'property_id': 514, 'property_name': 'Custom Property', 'scale_id': None, 'scale_name': None, 'value_ids': [54657375590], 'values': ['L']}]",2.20706E+11,1,5,,,1717292387,3.63,3.63
4114494655,879431180,169548019,1717073341,1717073341,1717073349,1717491412,1,5730704461,3318286496,FALSE,,1639180476,2.43758E+19,19773292286,listing,"{'amount': 1814, 'divisor': 100, 'currency_code': 'USD'}","{'amount': 0, 'divisor': 100, 'currency_code': 'USD'}","[{'property_id': 513, 'value_id': 50135267836, 'formatted_name': 'Colors', 'formatted_value': 'Black'}, {'property_id': 514, 'value_id': 56802856687, 'formatted_name': 'Sizes', 'formatted_value': 'M'}]","[{'property_id': 513, 'property_name': 'Custom Property', 'scale_id': None, 'scale_name': None, 'value_ids': [50135267836], 'values': ['Black']}, {'property_id': 514, 'property_name': 'Custom Property', 'scale_id': None, 'scale_name': None, 'value_ids': [56802856687], 'values': ['M']}]",2.20706E+11,1,5,,,1717491412,5.72,3.63
4110015949,879431180,8002247,1716762381,1716762381,1716762386,1716844269,1,5813487871,3314977124,FALSE,,1679319195,1.30799E+19,20240310474,listing,"{'amount': 2015, 'divisor': 100, 'currency_code': 'USD'}","{'amount': 0, 'divisor': 100, 'currency_code': 'USD'}","[{'property_id': 513, 'value_id': 54638846286, 'formatted_name': 'Colors', 'formatted_value': 'Charcoal'}, {'property_id': 514, 'value_id': 56802856687, 'formatted_name': 'Sizes', 'formatted_value': 'M'}]","[{'property_id': 513, 'property_name': 'Custom Property', 'scale_id': None, 'scale_name': None, 'value_ids': [54638846286], 'values': ['Charcoal']}, {'property_id': 514, 'property_name': 'Custom Property', 'scale_id': None, 'scale_name': None, 'value_ids': [56802856687], 'values': ['M']}]",2.20706E+11,1,5,,,1716844269,4.03,4.03
4109183595,879431180,887709800,1716707497,1716707497,1716707508,1716836804,1,5813487871,3308234489,FALSE,,1679319195,1.57754E+19,20240310520,listing,"{'amount': 2015, 'divisor': 100, 'currency_code': 'USD'}","{'amount': 0, 'divisor': 100, 'currency_code': 'USD'}","[{'property_id': 513, 'value_id': 66608274023, 'formatted_name': 'Colors', 'formatted_value': 'Forest Green'}, {'property_id': 514, 'value_id': 54657375590, 'formatted_name': 'Sizes', 'formatted_value': 'L'}]","[{'property_id': 513, 'property_name': 'Custom Property', 'scale_id': None, 'scale_name': None, 'value_ids': [66608274023], 'values': ['Forest Green']}, {'property_id': 514, 'property_name': 'Custom Property', 'scale_id': None, 'scale_name': None, 'value_ids': [54657375590], 'values': ['L']}]",2.20706E+11,1,5,,,1716836803,4.03,4.03
4106219372,879431180,511818169,1716535755,1716535755,1716535760,1716675087,1,5730704461,3312655284,FALSE,,1639180476,4.56927E+19,19773292134,listing,"{'amount': 2160, 'divisor': 100, 'currency_code': 'USD'}","{'amount': 0, 'divisor': 100, 'currency_code': 'USD'}","[{'property_id': 513, 'value_id': 54638846286, 'formatted_name': 'Colors', 'formatted_value': 'Charcoal'}, {'property_id': 514, 'value_id': 91416890176, 'formatted_name': 'Sizes', 'formatted_value': '2XL'}]","[{'property_id': 513, 'property_name': 'Custom Property', 'scale_id': None, 'scale_name': None, 'value_ids': [54638846286], 'values': ['Charcoal']}, {'property_id': 514, 'property_name': 'Custom Property', 'scale_id': None, 'scale_name': None, 'value_ids': [91416890176], 'values': ['2XL']}]",2.20706E+11,1,5,,,1716675087,4.32,4.32
4106148775,879431180,51178025,1716489199,1716489199,1716489205,1716681122,1,5730704461,3305914089,FALSE,,1639180476,1.46696E+19,19408711523,listing,"{'amount': 1814, 'divisor': 100, 'currency_code': 'USD'}","{'amount': 0, 'divisor': 100, 'currency_code': 'USD'}","[{'property_id': 513, 'value_id': 53663098272, 'formatted_name': 'Colors', 'formatted_value': 'Light Pink'}, {'property_id': 514, 'value_id': 56802856687, 'formatted_name': 'Sizes', 'formatted_value': 'M'}]","[{'property_id': 513, 'property_name': 'Custom Property', 'scale_id': None, 'scale_name': None, 'value_ids': [53663098272], 'values': ['Light Pink']}, {'property_id': 514, 'property_name': 'Custom Property', 'scale_id': None, 'scale_name': None, 'value_ids': [56802856687], 'values': ['M']}]",2.20706E+11,1,5,,,1716681122,3.63,3.63
4104850972,879431180,396832651,1716431190,1716431190,1716431197,1716495095,1,5730704461,3305351875,FALSE,,1639180476,5.97595E+19,19773292146,listing,"{'amount': 1814, 'divisor': 100, 'currency_code': 'USD'}","{'amount': 0, 'divisor': 100, 'currency_code': 'USD'}","[{'property_id': 513, 'value_id': 96446101302, 'formatted_name': 'Colors', 'formatted_value': 'Dark Chocolate'}, {'property_id': 514, 'value_id': 56802856687, 'formatted_name': 'Sizes', 'formatted_value': 'M'}]","[{'property_id': 513, 'property_name': 'Custom Property', 'scale_id': None, 'scale_name': None, 'value_ids': [96446101302], 'values': ['Dark Chocolate']}, {'property_id': 514, 'property_name': 'Custom Property', 'scale_id': None, 'scale_name': None, 'value_ids': [56802856687], 'values': ['M']}]",2.20706E+11,1,5,,,1716495095,3.63,3.63
4102716385,879431180,932905567,1716246267,1716246267,1716246273,1716303867,1,5716546031,3303320279,FALSE,,1641015450,3.24719E+19,19439859263,listing,"{'amount': 2644, 'divisor': 100, 'currency_code': 'USD'}","{'amount': 0, 'divisor': 100, 'currency_code': 'USD'}","[{'property_id': 513, 'value_id': 106730198679, 'formatted_name': 'Colors', 'formatted_value': 'Sport Grey'}, {'property_id': 514, 'value_id': 94172869301, 'formatted_name': 'Sizes', 'formatted_value': '3XL'}]","[{'property_id': 513, 'property_name': 'Custom Property', 'scale_id': None, 'scale_name': None, 'value_ids': [106730198679], 'values': ['Sport Grey']}, {'property_id': 514, 'property_name': 'Custom Property', 'scale_id': None, 'scale_name': None, 'value_ids': [94172869301], 'values': ['3XL']}]",2.20706E+11,1,5,,,1716303867,5.29,5.29
4102653045,879431180,547173225,1716242451,1716242451,1716242457,1716275087,1,5950232048,3309388278,FALSE,,1717337887,1.60899E+19,20641807143,listing,"{'amount': 2015, 'divisor': 100, 'currency_code': 'USD'}","{'amount': 0, 'divisor': 100, 'currency_code': 'USD'}","[{'property_id': 513, 'value_id': 55788700383, 'formatted_name': 'Colors', 'formatted_value': 'Navy'}, {'property_id': 514, 'value_id': 54657375590, 'formatted_name': 'Sizes', 'formatted_value': 'L'}]","[{'property_id': 513, 'property_name': 'Custom Property', 'scale_id': None, 'scale_name': None, 'value_ids': [55788700383], 'values': ['Navy']}, {'property_id': 514, 'property_name': 'Custom Property', 'scale_id': None, 'scale_name': None, 'value_ids': [54657375590], 'values': ['L']}]",2.20706E+11,1,5,,,1716275087,3.32,4.03
4101640474,879431180,728574370,1716222535,1716222535,1716222605,1716337928,1,5730704461,3309054688,FALSE,,1639180476,2.7701E+19,19408711485,listing,"{'amount': 1814, 'divisor': 100, 'currency_code': 'USD'}","{'amount': 0, 'divisor': 100, 'currency_code': 'USD'}","[{'property_id': 513, 'value_id': 54638846286, 'formatted_name': 'Colors', 'formatted_value': 'Charcoal'}, {'property_id': 514, 'value_id': 54657375590, 'formatted_name': 'Sizes', 'formatted_value': 'L'}]","[{'property_id': 513, 'property_name': 'Custom Property', 'scale_id': None, 'scale_name': None, 'value_ids': [54638846286], 'values': ['Charcoal']}, {'property_id': 514, 'property_name': 'Custom Property', 'scale_id': None, 'scale_name': None, 'value_ids': [54657375590], 'values': ['L']}]",2.20706E+11,1,5,,,1716337927,3.63,3.63
4100315377,879431180,392742367,1716078196,1716078196,1716078201,1716217466,1,5783951324,3301516555,FALSE,,1639180666,1.66886E+19,19773294208,listing,"{'amount': 2015, 'divisor': 100, 'currency_code': 'USD'}","{'amount': 0, 'divisor': 100, 'currency_code': 'USD'}","[{'property_id': 513, 'value_id': 90045008241, 'formatted_name': 'Colors', 'formatted_value': 'Sand'}, {'property_id': 514, 'value_id': 54657375590, 'formatted_name': 'Sizes', 'formatted_value': 'L'}]","[{'property_id': 513, 'property_name': 'Custom Property', 'scale_id': None, 'scale_name': None, 'value_ids': [90045008241], 'values': ['Sand']}, {'property_id': 514, 'property_name': 'Custom Property', 'scale_id': None, 'scale_name': None, 'value_ids': [54657375590], 'values': ['L']}]",2.20706E+11,1,5,,,1716217465,4.03,4.03
4096226928,879431180,671851055,1715837506,1715837506,1715837512,1715959847,1,5730704461,3304733744,FALSE,,1639180476,2.94576E+19,19408711481,listing,"{'amount': 1814, 'divisor': 100, 'currency_code': 'USD'}","{'amount': 0, 'divisor': 100, 'currency_code': 'USD'}","[{'property_id': 513, 'value_id': 54638846286, 'formatted_name': 'Colors', 'formatted_value': 'Charcoal'}, {'property_id': 514, 'value_id': 56802856687, 'formatted_name': 'Sizes', 'formatted_value': 'M'}]","[{'property_id': 513, 'property_name': 'Custom Property', 'scale_id': None, 'scale_name': None, 'value_ids': [54638846286], 'values': ['Charcoal']}, {'property_id': 514, 'property_name': 'Custom Property', 'scale_id': None, 'scale_name': None, 'value_ids': [56802856687], 'values': ['M']}]",2.20706E+11,1,5,,,1715959846,3.63,3.63
4095925015,879431180,68822849,1715780095,1715780095,1715780100,1715892695,1,5950232048,3303874284,FALSE,,1717337887,1.26658E+19,20934463300,listing,"{'amount': 2015, 'divisor': 100, 'currency_code': 'USD'}","{'amount': 0, 'divisor': 100, 'currency_code': 'USD'}","[{'property_id': 513, 'value_id': 66608274023, 'formatted_name': 'Colors', 'formatted_value': 'Forest Green'}, {'property_id': 514, 'value_id': 54657375794, 'formatted_name': 'Sizes', 'formatted_value': 'S'}]","[{'property_id': 513, 'property_name': 'Custom Property', 'scale_id': None, 'scale_name': None, 'value_ids': [66608274023], 'values': ['Forest Green']}, {'property_id': 514, 'property_name': 'Custom Property', 'scale_id': None, 'scale_name': None, 'value_ids': [54657375794], 'values': ['S']}]",2.20706E+11,1,5,,,1715892695,3.36,4.03
4095587053,879431180,869149649,1715743845,1715743845,1715743854,1715899649,1,5618182704,3303596290,FALSE,,1640859263,1.24456E+19,19587604066,listing,"{'amount': 1814, 'divisor': 100, 'currency_code': 'USD'}","{'amount': 0, 'divisor': 100, 'currency_code': 'USD'}","[{'property_id': 513, 'value_id': 52320382890, 'formatted_name': 'Colors', 'formatted_value': 'White'}, {'property_id': 514, 'value_id': 71931465715, 'formatted_name': 'Sizes', 'formatted_value': 'XL'}]","[{'property_id': 513, 'property_name': 'Custom Property', 'scale_id': None, 'scale_name': None, 'value_ids': [52320382890], 'values': ['White']}, {'property_id': 514, 'property_name': 'Custom Property', 'scale_id': None, 'scale_name': None, 'value_ids': [71931465715], 'values': ['XL']}]",2.20706E+11,1,5,,,1715899649,3.63,3.63
4092174755,879431180,223949126,1715523717,1715523717,1715523723,1715802179,1,5783951324,3300735908,FALSE,,1639180666,2.7808E+19,19773294114,listing,"{'amount': 2789, 'divisor': 100, 'currency_code': 'USD'}","{'amount': 0, 'divisor': 100, 'currency_code': 'USD'}","[{'property_id': 513, 'value_id': 96446101302, 'formatted_name': 'Colors', 'formatted_value': 'Dark Chocolate'}, {'property_id': 514, 'value_id': 100379131681, 'formatted_name': 'Sizes', 'formatted_value': '4XL'}]","[{'property_id': 513, 'property_name': 'Custom Property', 'scale_id': None, 'scale_name': None, 'value_ids': [96446101302], 'values': ['Dark Chocolate']}, {'property_id': 514, 'property_name': 'Custom Property', 'scale_id': None, 'scale_name': None, 'value_ids': [100379131681], 'values': ['4XL']}]",2.20706E+11,1,5,,,1715802178,7.96,5.58
4091054535,879431180,860386847,1715439458,1715439458,1715439469,1715470729,1,5730674411,3294651985,FALSE,,1653410643,1.80948E+19,19409622697,listing,"{'amount': 3500, 'divisor': 100, 'currency_code': 'USD'}","{'amount': 0, 'divisor': 100, 'currency_code': 'USD'}","[{'property_id': 513, 'value_id': 52622818177, 'formatted_name': 'Sizes', 'formatted_value': 'L'}, {'property_id': 514, 'value_id': 53053591808, 'formatted_name': 'Colors', 'formatted_value': 'White'}]","[{'property_id': 513, 'property_name': 'Custom Property', 'scale_id': None, 'scale_name': None, 'value_ids': [52622818177], 'values': ['L']}, {'property_id': 514, 'property_name': 'Custom Property', 'scale_id': None, 'scale_name': None, 'value_ids': [53053591808], 'values': ['White']}]",2.21188E+11,1,5,,,1715470729,0,0
4089996553,879431180,77431332,1715358806,1715358806,1715358814,1715535971,1,5998310859,3299015574,FALSE,,1717334257,4.16447E+19,20641719005,listing,"{'amount': 2400, 'divisor': 100, 'currency_code': 'USD'}","{'amount': 0, 'divisor': 100, 'currency_code': 'USD'}","[{'property_id': 513, 'value_id': 55788700383, 'formatted_name': 'Colors', 'formatted_value': 'Navy'}, {'property_id': 514, 'value_id': 91416890176, 'formatted_name': 'Sizes', 'formatted_value': '2XL'}]","[{'property_id': 513, 'property_name': 'Custom Property', 'scale_id': None, 'scale_name': None, 'value_ids': [55788700383], 'values': ['Navy']}, {'property_id': 514, 'property_name': 'Custom Property', 'scale_id': None, 'scale_name': None, 'value_ids': [91416890176], 'values': ['2XL']}]",2.20706E+11,1,5,,,1715535971,0,0
4088352078,879431180,929396835,1715302873,1715302873,1715302880,1715590997,1,5682619986,3293333647,FALSE,,1641015504,5.51871E+19,19804313466,listing,"{'amount': 2015, 'divisor': 100, 'currency_code': 'USD'}","{'amount': 0, 'divisor': 100, 'currency_code': 'USD'}","[{'property_id': 513, 'value_id': 50135267836, 'formatted_name': 'Colors', 'formatted_value': 'Black'}, {'property_id': 514, 'value_id': 54657375794, 'formatted_name': 'Sizes', 'formatted_value': 'S'}]","[{'property_id': 513, 'property_name': 'Custom Property', 'scale_id': None, 'scale_name': None, 'value_ids': [50135267836], 'values': ['Black']}, {'property_id': 514, 'property_name': 'Custom Property', 'scale_id': None, 'scale_name': None, 'value_ids': [54657375794], 'values': ['S']}]",2.20706E+11,1,5,,,1715590997,0,0
4082095856,879431180,916246888,1714930847,1714930847,1714930852,1715134049,1,5813487871,3288729539,FALSE,,1679319195,1.60899E+19,19875928641,listing,"{'amount': 2015, 'divisor': 100, 'currency_code': 'USD'}","{'amount': 0, 'divisor': 100, 'currency_code': 'USD'}","[{'property_id': 513, 'value_id': 55788700383, 'formatted_name': 'Colors', 'formatted_value': 'Navy'}, {'property_id': 514, 'value_id': 54657375590, 'formatted_name': 'Sizes', 'formatted_value': 'L'}]","[{'property_id': 513, 'property_name': 'Custom Property', 'scale_id': None, 'scale_name': None, 'value_ids': [55788700383], 'values': ['Navy']}, {'property_id': 514, 'property_name': 'Custom Property', 'scale_id': None, 'scale_name': None, 'value_ids': [54657375590], 'values': ['L']}]",2.20706E+11,1,5,,,1715134049,0,0
4078621228,879431180,918624150,1714707126,1714707126,1714707134,1715230164,1,5682679504,3290764276,FALSE,,1633318716,2.79654E+19,19676606034,listing,"{'amount': 2016, 'divisor': 100, 'currency_code': 'USD'}","{'amount': 0, 'divisor': 100, 'currency_code': 'USD'}","[{'property_id': 513, 'value_id': 50135267836, 'formatted_name': 'Colors', 'formatted_value': 'Black'}, {'property_id': 514, 'value_id': 71931465715, 'formatted_name': 'Sizes', 'formatted_value': 'XL'}]","[{'property_id': 513, 'property_name': 'Custom Property', 'scale_id': None, 'scale_name': None, 'value_ids': [50135267836], 'values': ['Black']}, {'property_id': 514, 'property_name': 'Custom Property', 'scale_id': None, 'scale_name': None, 'value_ids': [71931465715], 'values': ['XL']}]",2.20706E+11,1,5,,,1715230164,0,0
4076896506,879431180,634374947,1714605667,1714605667,1714605674,1714794580,1,5730704461,3289438954,FALSE,,1639180476,4.56927E+19,19773292134,listing,"{'amount': 2160, 'divisor': 100, 'currency_code': 'USD'}","{'amount': 0, 'divisor': 100, 'currency_code': 'USD'}","[{'property_id': 513, 'value_id': 54638846286, 'formatted_name': 'Colors', 'formatted_value': 'Charcoal'}, {'property_id': 514, 'value_id': 91416890176, 'formatted_name': 'Sizes', 'formatted_value': '2XL'}]","[{'property_id': 513, 'property_name': 'Custom Property', 'scale_id': None, 'scale_name': None, 'value_ids': [54638846286], 'values': ['Charcoal']}, {'property_id': 514, 'property_name': 'Custom Property', 'scale_id': None, 'scale_name': None, 'value_ids': [91416890176], 'values': ['2XL']}]",2.20706E+11,1,5,,,1714794580,5.4,5.4
4071674582,879431180,765431021,1714314198,1714314198,1714314207,1714528629,1,5674427101,3280722909,FALSE,,1631118930,2.88709E+19,19286727439,listing,"{'amount': 1814, 'divisor': 100, 'currency_code': 'USD'}","{'amount': 0, 'divisor': 100, 'currency_code': 'USD'}","[{'property_id': 513, 'value_id': 66608274023, 'formatted_name': 'Colors', 'formatted_value': 'Forest Green'}, {'property_id': 514, 'value_id': 54657375590, 'formatted_name': 'Sizes', 'formatted_value': 'L'}]","[{'property_id': 513, 'property_name': 'Custom Property', 'scale_id': None, 'scale_name': None, 'value_ids': [66608274023], 'values': ['Forest Green']}, {'property_id': 514, 'property_name': 'Custom Property', 'scale_id': None, 'scale_name': None, 'value_ids': [54657375590], 'values': ['L']}]",2.20706E+11,1,5,,,1714528628,0,0
4070157253,879431180,96199750,1714139018,1714139018,1714139027,1714413650,1,5682630312,3278653525,FALSE,,1641015310,1.83689E+19,19439857461,listing,"{'amount': 3500, 'divisor': 100, 'currency_code': 'USD'}","{'amount': 0, 'divisor': 100, 'currency_code': 'USD'}","[{'property_id': 513, 'value_id': 52622818177, 'formatted_name': 'Sizes', 'formatted_value': 'L'}, {'property_id': 514, 'value_id': 61801020772, 'formatted_name': 'Colors', 'formatted_value': 'Light Blue'}]","[{'property_id': 513, 'property_name': 'Custom Property', 'scale_id': None, 'scale_name': None, 'value_ids': [52622818177], 'values': ['L']}, {'property_id': 514, 'property_name': 'Custom Property', 'scale_id': None, 'scale_name': None, 'value_ids': [61801020772], 'values': ['Light Blue']}]",2.21188E+11,1,5,,,1714413649,0,0
4069681705,879431180,270384377,1714096084,1714096084,1714096091,1714239033,1,5989953895,3278298943,FALSE,,1717334257,6.3023E+19,20934379866,listing,"{'amount': 2015, 'divisor': 100, 'currency_code': 'USD'}","{'amount': 0, 'divisor': 100, 'currency_code': 'USD'}","[{'property_id': 513, 'value_id': 54638846286, 'formatted_name': 'Colors', 'formatted_value': 'Charcoal'}, {'property_id': 514, 'value_id': 54657375590, 'formatted_name': 'Sizes', 'formatted_value': 'L'}]","[{'property_id': 513, 'property_name': 'Custom Property', 'scale_id': None, 'scale_name': None, 'value_ids': [54638846286], 'values': ['Charcoal']}, {'property_id': 514, 'property_name': 'Custom Property', 'scale_id': None, 'scale_name': None, 'value_ids': [54657375590], 'values': ['L']}]",2.20706E+11,1,5,,,1714239033,4.03,4.03
4066879331,879431180,821506280,1713915478,1713915478,1713915492,1713971393,1,5929529118,3280679234,FALSE,,1717334257,7.36859E+19,20641719081,listing,"{'amount': 1612, 'divisor': 100, 'currency_code': 'USD'}","{'amount': 0, 'divisor': 100, 'currency_code': 'USD'}","[{'property_id': 513, 'value_id': 50135267836, 'formatted_name': 'Colors', 'formatted_value': 'Black'}, {'property_id': 514, 'value_id': 56802856687, 'formatted_name': 'Sizes', 'formatted_value': 'M'}]","[{'property_id': 513, 'property_name': 'Custom Property', 'scale_id': None, 'scale_name': None, 'value_ids': [50135267836], 'values': ['Black']}, {'property_id': 514, 'property_name': 'Custom Property', 'scale_id': None, 'scale_name': None, 'value_ids': [56802856687], 'values': ['M']}]",2.20706E+11,1,5,,,1713971393,3.22,3.22
4066100345,879431180,595444067,1713876813,1713876813,1713876819,1714012781,1,5730731031,3275593185,FALSE,,1645291743,1.3472E+19,19645682468,listing,"{'amount': 2015, 'divisor': 100, 'currency_code': 'USD'}","{'amount': 0, 'divisor': 100, 'currency_code': 'USD'}","[{'property_id': 513, 'value_id': 50135267836, 'formatted_name': 'Colors', 'formatted_value': 'Black'}, {'property_id': 514, 'value_id': 54657375794, 'formatted_name': 'Sizes', 'formatted_value': 'S'}]","[{'property_id': 513, 'property_name': 'Custom Property', 'scale_id': None, 'scale_name': None, 'value_ids': [50135267836], 'values': ['Black']}, {'property_id': 514, 'property_name': 'Custom Property', 'scale_id': None, 'scale_name': None, 'value_ids': [54657375794], 'values': ['S']}]",2.20706E+11,1,5,,,1714012780,4.03,4.03
4063861462,879431180,106159808,1713812815,1713812815,1713812825,1713908417,1,5730737415,3279337092,FALSE,,1640844513,3.60095E+19,19587337702,listing,"{'amount': 1815, 'divisor': 100, 'currency_code': 'USD'}","{'amount': 0, 'divisor': 100, 'currency_code': 'USD'}","[{'property_id': 513, 'value_id': 50135267836, 'formatted_name': 'Colors', 'formatted_value': 'Black'}, {'property_id': 514, 'value_id': 71931465715, 'formatted_name': 'Sizes', 'formatted_value': 'XL'}]","[{'property_id': 513, 'property_name': 'Custom Property', 'scale_id': None, 'scale_name': None, 'value_ids': [50135267836], 'values': ['Black']}, {'property_id': 514, 'property_name': 'Custom Property', 'scale_id': None, 'scale_name': None, 'value_ids': [71931465715], 'values': ['XL']}]",2.20706E+11,1,5,,,1713908417,3.63,3.63
4060490260,879431180,198461301,1713597617,1713597617,1713597630,1713646372,1,5730704461,3276748836,FALSE,,1639180476,2.22866E+19,19773292152,listing,"{'amount': 1825, 'divisor': 100, 'currency_code': 'USD'}","{'amount': 0, 'divisor': 100, 'currency_code': 'USD'}","[{'property_id': 513, 'value_id': 96446101302, 'formatted_name': 'Colors', 'formatted_value': 'Dark Chocolate'}, {'property_id': 514, 'value_id': 71931465715, 'formatted_name': 'Sizes', 'formatted_value': 'XL'}]","[{'property_id': 513, 'property_name': 'Custom Property', 'scale_id': None, 'scale_name': None, 'value_ids': [96446101302], 'values': ['Dark Chocolate']}, {'property_id': 514, 'property_name': 'Custom Property', 'scale_id': None, 'scale_name': None, 'value_ids': [71931465715], 'values': ['XL']}]",2.20706E+11,1,5,,,1713646372,3.65,3.65
4057575718,879431180,33631579,1713402068,1713402068,1713402118,1713473960,1,5730704461,3270253525,FALSE,,1639180476,1.52089E+19,19773292314,listing,"{'amount': 1814, 'divisor': 100, 'currency_code': 'USD'}","{'amount': 0, 'divisor': 100, 'currency_code': 'USD'}","[{'property_id': 513, 'value_id': 66608274023, 'formatted_name': 'Colors', 'formatted_value': 'Forest Green'}, {'property_id': 514, 'value_id': 56802856687, 'formatted_name': 'Sizes', 'formatted_value': 'M'}]","[{'property_id': 513, 'property_name': 'Custom Property', 'scale_id': None, 'scale_name': None, 'value_ids': [66608274023], 'values': ['Forest Green']}, {'property_id': 514, 'property_name': 'Custom Property', 'scale_id': None, 'scale_name': None, 'value_ids': [56802856687], 'values': ['M']}]",2.20706E+11,1,5,,,1713473960,3.63,3.63
4055623504,879431180,746586250,1713284541,1713284541,1713284553,1713364866,2,5730704461,3268782051,FALSE,,1639180476,3.03827E+19,19408711601,listing,"{'amount': 2160, 'divisor': 100, 'currency_code': 'USD'}","{'amount': 0, 'divisor': 100, 'currency_code': 'USD'}","[{'property_id': 513, 'value_id': 50135267836, 'formatted_name': 'Colors', 'formatted_value': 'Black'}, {'property_id': 514, 'value_id': 91416890176, 'formatted_name': 'Sizes', 'formatted_value': '2XL'}]","[{'property_id': 513, 'property_name': 'Custom Property', 'scale_id': None, 'scale_name': None, 'value_ids': [50135267836], 'values': ['Black']}, {'property_id': 514, 'property_name': 'Custom Property', 'scale_id': None, 'scale_name': None, 'value_ids': [91416890176], 'values': ['2XL']}]",2.20706E+11,1,5,,,1713364866,10.8,10.8
4053910959,879431180,720065250,1713066810,1713066810,1713066815,1713213020,1,5730680639,3270725882,FALSE,,1645292291,3.01664E+19,19286729871,listing,"{'amount': 2789, 'divisor': 100, 'currency_code': 'USD'}","{'amount': 0, 'divisor': 100, 'currency_code': 'USD'}","[{'property_id': 513, 'value_id': 53663098272, 'formatted_name': 'Colors', 'formatted_value': 'Light Pink'}, {'property_id': 514, 'value_id': 100379131681, 'formatted_name': 'Sizes', 'formatted_value': '4XL'}]","[{'property_id': 513, 'property_name': 'Custom Property', 'scale_id': None, 'scale_name': None, 'value_ids': [53663098272], 'values': ['Light Pink']}, {'property_id': 514, 'property_name': 'Custom Property', 'scale_id': None, 'scale_name': None, 'value_ids': [100379131681], 'values': ['4XL']}]",2.20706E+11,1,5,,,1713213019,5.58,5.58
4052943283,879431180,753271884,1713014402,1713014402,1713014412,1713124663,1,5682708940,3270045646,FALSE,,1639227392,2.03347E+19,19409295267,listing,"{'amount': 2028, 'divisor': 100, 'currency_code': 'USD'}","{'amount': 0, 'divisor': 100, 'currency_code': 'USD'}","[{'property_id': 513, 'value_id': 90045008241, 'formatted_name': 'Colors', 'formatted_value': 'Sand'}, {'property_id': 514, 'value_id': 71931465715, 'formatted_name': 'Sizes', 'formatted_value': 'XL'}]","[{'property_id': 513, 'property_name': 'Custom Property', 'scale_id': None, 'scale_name': None, 'value_ids': [90045008241], 'values': ['Sand']}, {'property_id': 514, 'property_name': 'Custom Property', 'scale_id': None, 'scale_name': None, 'value_ids': [71931465715], 'values': ['XL']}]",2.20706E+11,1,5,,,1713124663,4.06,4.06
4046977603,879431180,471783116,1712607064,1712607064,1712607070,1712788435,1,5730704461,3265600900,FALSE,,1639180476,1.66886E+19,19773292232,listing,"{'amount': 1814, 'divisor': 100, 'currency_code': 'USD'}","{'amount': 0, 'divisor': 100, 'currency_code': 'USD'}","[{'property_id': 513, 'value_id': 90045008241, 'formatted_name': 'Colors', 'formatted_value': 'Sand'}, {'property_id': 514, 'value_id': 54657375590, 'formatted_name': 'Sizes', 'formatted_value': 'L'}]","[{'property_id': 513, 'property_name': 'Custom Property', 'scale_id': None, 'scale_name': None, 'value_ids': [90045008241], 'values': ['Sand']}, {'property_id': 514, 'property_name': 'Custom Property', 'scale_id': None, 'scale_name': None, 'value_ids': [54657375590], 'values': ['L']}]",2.20706E+11,1,5,,,1712788435,3.63,3.63
4045614487,879431180,48947418,1712519085,1712519085,1712519111,1712550917,1,5730704461,3259760933,FALSE,,1639180476,5.63399E+19,19408711593,listing,"{'amount': 1814, 'divisor': 100, 'currency_code': 'USD'}","{'amount': 0, 'divisor': 100, 'currency_code': 'USD'}","[{'property_id': 513, 'value_id': 50135267836, 'formatted_name': 'Colors', 'formatted_value': 'Black'}, {'property_id': 514, 'value_id': 54657375590, 'formatted_name': 'Sizes', 'formatted_value': 'L'}]","[{'property_id': 513, 'property_name': 'Custom Property', 'scale_id': None, 'scale_name': None, 'value_ids': [50135267836], 'values': ['Black']}, {'property_id': 514, 'property_name': 'Custom Property', 'scale_id': None, 'scale_name': None, 'value_ids': [54657375590], 'values': ['L']}]",2.20706E+11,1,5,,,1712550917,3.63,3.63
